title,search_key,link,pub_date,description,source,newsUrl,content
信用卡被盜刷，這筆錢銀行會買單嗎？律師提醒：掛失時間是關鍵！5大 ... - 今周刊-在今天看見明天,2891中信金,https://news.google.com/rss/articles/CBMiS2h0dHBzOi8vd3d3LmJ1c2luZXNzdG9kYXkuY29tLnR3L2FydGljbGUvY2F0ZWdvcnkvMTgzMDEyL3Bvc3QvMjAyMjAxMTIwMDc3L9IBAA?oc=5,2022-01-17 08:00:00,信用卡被盜刷，這筆錢銀行會買單嗎？律師提醒：掛失時間是關鍵！5大 ...,今周刊-在今天看見明天,https://www.businesstoday.com.tw/article/category/183012/post/202201120077/,unknow domain
打造普惠金融知識場域，中信銀最大ATM進駐信義區- 新聞 - MoneyDJ理財網,2891中信金,https://news.google.com/rss/articles/CBMiWGh0dHBzOi8vd3d3Lm1vbmV5ZGouY29tL2ttZGovbmV3cy9uZXdzdmlld2VyLmFzcHg_YT00OWE5ZWY1ZS1mMjRhLTRkNGQtYjg3ZC04NTQ0YzcxZjQ3ZGLSAQA?oc=5,2022-02-10 08:00:00,打造普惠金融知識場域，中信銀最大ATM進駐信義區- 新聞,MoneyDJ理財網,https://www.moneydj.com/kmdj/news/newsviewer.aspx?a=49a9ef5e-f24a-4d4d-b87d-8544c71f47db,unknow domain
擴新廠邁海外聯華食品的下一個百年大計 - 今周刊-在今天看見明天,2891中信金,https://news.google.com/rss/articles/CBMiS2h0dHBzOi8vd3d3LmJ1c2luZXNzdG9kYXkuY29tLnR3L2FydGljbGUvY2F0ZWdvcnkvMTgzMDE2L3Bvc3QvMjAyMjAzMjEwMDM4L9IBAA?oc=5,2022-03-24 07:00:00,擴新廠邁海外聯華食品的下一個百年大計,今周刊-在今天看見明天,https://www.businesstoday.com.tw/article/category/183016/post/202203210038/,unknow domain
中環回頭買台積電處分長榮、中信金 - 財訊,2891中信金,https://news.google.com/rss/articles/CBMiR2h0dHBzOi8vd3d3LndlYWx0aC5jb20udHcvYXJ0aWNsZXMvOTRiMzJmYmEtN2Q5MS00OWE5LThlYjYtZTVlMTA0MTE3OGU50gEA?oc=5,2022-07-26 07:00:00,中環回頭買台積電處分長榮、中信金,財訊,https://www.wealth.com.tw/articles/94b32fba-7d91-49a9-8eb6-e5e1041178e9,unknow domain
政大這一班讓地磚老廠、茶飲代工、女裝電商再創高峰學起來！企業董 ... - 今周刊-在今天看見明天,2891中信金,https://news.google.com/rss/articles/CBMiS2h0dHBzOi8vd3d3LmJ1c2luZXNzdG9kYXkuY29tLnR3L2FydGljbGUvY2F0ZWdvcnkvMTgzMDM0L3Bvc3QvMjAyMjA4MzEwMDMzL9IBAA?oc=5,2022-08-31 07:00:00,政大這一班讓地磚老廠、茶飲代工、女裝電商再創高峰學起來！企業董 ...,今周刊-在今天看見明天,https://www.businesstoday.com.tw/article/category/183034/post/202208310033/,unknow domain
從壯大自身到利他共好解密臺灣企業何以成為企業永續典範 - 今周刊-在今天看見明天,2891中信金,https://news.google.com/rss/articles/CBMiS2h0dHBzOi8vd3d3LmJ1c2luZXNzdG9kYXkuY29tLnR3L2FydGljbGUvY2F0ZWdvcnkvMTgzMDEyL3Bvc3QvMjAyMjA4MzAwMDE4L9IBAA?oc=5,2022-09-01 07:00:00,從壯大自身到利他共好解密臺灣企業何以成為企業永續典範,今周刊-在今天看見明天,https://www.businesstoday.com.tw/article/category/183012/post/202208300018/,unknow domain
大膽生氣！盡情害怕！沒有什麼情緒是「不好」的，越是壓抑與逃避，越 ... - 今周刊-在今天看見明天,2891中信金,https://news.google.com/rss/articles/CBMiS2h0dHBzOi8vd3d3LmJ1c2luZXNzdG9kYXkuY29tLnR3L2FydGljbGUvY2F0ZWdvcnkvMTgzMDMwL3Bvc3QvMjAyMjEwMjUwMDQzL9IBAA?oc=5,2022-10-25 07:00:00,大膽生氣！盡情害怕！沒有什麼情緒是「不好」的，越是壓抑與逃避，越 ...,今周刊-在今天看見明天,https://www.businesstoday.com.tw/article/category/183030/post/202210250043/,unknow domain
5G AIoT如何落實應用？鑫蘊林科用「這項技術」讓化工業、半導體 ... - 今周刊-在今天看見明天,2891中信金,https://news.google.com/rss/articles/CBMiS2h0dHBzOi8vd3d3LmJ1c2luZXNzdG9kYXkuY29tLnR3L2FydGljbGUvY2F0ZWdvcnkvMTgzMDE1L3Bvc3QvMjAyMjExMTcwMDEyL9IBAA?oc=5,2022-11-18 08:00:00,5G AIoT如何落實應用？鑫蘊林科用「這項技術」讓化工業、半導體 ...,今周刊-在今天看見明天,https://www.businesstoday.com.tw/article/category/183015/post/202211170012/,unknow domain
中国博士后科学基金第72批面上项目公示 - 生物通,2891中信金,https://news.google.com/rss/articles/CBMiO2h0dHBzOi8vbS5lYmlvdHJhZGUuY29tL25ld3NmLzIwMjItMTEvMjAyMjExMjExNTIzNDQxODMuaHRt0gEA?oc=5,2022-11-21 08:00:00,中国博士后科学基金第72批面上项目公示,生物通,https://m.ebiotrade.com/newsf/2022-11/20221121152344183.htm,unknow domain
中信金蟬聯十大國際品牌 - 經濟日報,2891中信金,https://news.google.com/rss/articles/CBMiLmh0dHBzOi8vbW9uZXkudWRuLmNvbS9tb25leS9zdG9yeS81NjEzLzY3ODU2MDTSATJodHRwczovL21vbmV5LnVkbi5jb20vbW9uZXkvYW1wL3N0b3J5LzU2MTMvNjc4NTYwNA?oc=5,2022-11-23 08:00:00,中信金蟬聯十大國際品牌,經濟日報,https://money.udn.com/money/story/5613/6785604,"  由經濟部工業局與全球權威品牌價值調查機構Interbrand合辦之「2022年台灣最佳國際品牌」（2022 Best Taiwan Global Brands）昨（22）日揭曉台灣國際品牌榜單，中國信託金控（2891）以品牌價值5.33億美元的佳績，七度蟬聯前十大國際品牌，深耕國際版圖，強化品牌對台灣及國際市場的影響力，深受主辦單位肯定，為台灣最具聲望之金融領導品牌。   「2022年台灣最佳國際品牌」昨日舉辦頒獎典禮，由中國信託金控行政長高人傑代表受獎。此評鑑採用與Interbrand「全球百大品牌調查」相同的品牌鑑價系統，自逾千家台灣上市櫃企業之財務收益指標進行篩選，綜合需求力、無形收益、品牌角色、品牌收益及品牌強度等，計算出企業品牌價值。   主辦單位指出，中信金控致力拓展海外業務，加速數位轉型創新，以We are family的品牌精神，關注金融服務推展過程中為社會創造的價值，亦積極透過人物故事等方式傳遞品牌理念，產生情感聯結，在品牌認同感、信任度和連結度方面表現良好，是中信金控榮獲佳績的主要原因。   值得一提的是，中國信託在慈善公益項目長期耕耘有成，主辦單位特別提及包含「點燃生命之火」愛心募款活動在內之方案，成為深入人心的幸福承諾活動，以最實質的行動，實踐中信金控創辦人辜松的承諾：「企業存在的價值，不在於成為最會賺錢的企業，更重要的是，對社會的貢獻與正面影響力。」   中國信託透過慈善、反毒、運動、教育及藝文五大主軸長期投入社會公益，如「點燃生命之火」愛心募款活動，37 年來募得善款逾新台幣25 億元，幫助超過62萬名弱勢孩童。中信兄弟棒球隊贊助案等專案導入「社會投資報酬率」（Social Return on Investment, SROI）方法學計算，每投入1元可分別產生4.18元至17.59元社會價值，透過品牌影響力啟動善的循環，為台灣創造正面影響力。    "
中信也進軍年輕人愛的「先買後付」 Fula付啦目標衝百萬戶 - Yahoo奇摩股市,2891中信金,https://news.google.com/rss/articles/CBMijAJodHRwczovL3R3LnN0b2NrLnlhaG9vLmNvbS9uZXdzLyVFNCVCOCVBRCVFNCVCRiVBMSVFNCVCOSU5RiVFOSU4MCVCMiVFOCVCQiU4RCVFNSVCOSVCNCVFOCVCQyU5NSVFNCVCQSVCQSVFNiU4NCU5QiVFNyU5QSU4NCVFMyU4MCU4QyVFNSU4NSU4OCVFOCVCMiVCNyVFNSVCRSU4QyVFNCVCQiU5OCVFMyU4MCU4RC1mdWxhJUU0JUJCJTk4JUU1JTk1JUE2JUU3JTlCJUFFJUU2JUE4JTk5JUU4JUExJTlEJUU3JTk5JUJFJUU4JTkwJUFDJUU2JTg4JUI2LTA5MjkwMTIyMy5odG1s0gGUAmh0dHBzOi8vdHcuc3RvY2sueWFob28uY29tL2FtcGh0bWwvbmV3cy8lRTQlQjglQUQlRTQlQkYlQTElRTQlQjklOUYlRTklODAlQjIlRTglQkIlOEQlRTUlQjklQjQlRTglQkMlOTUlRTQlQkElQkElRTYlODQlOUIlRTclOUElODQlRTMlODAlOEMlRTUlODUlODglRTglQjIlQjclRTUlQkUlOEMlRTQlQkIlOTglRTMlODAlOEQtZnVsYSVFNCVCQiU5OCVFNSU5NSVBNiVFNyU5QiVBRSVFNiVBOCU5OSVFOCVBMSU5RCVFNyU5OSVCRSVFOCU5MCVBQyVFNiU4OCVCNi0wOTI5MDEyMjMuaHRtbA?oc=5,2022-11-28 08:00:00,中信也進軍年輕人愛的「先買後付」 Fula付啦目標衝百萬戶,Yahoo奇摩股市,https://tw.stock.yahoo.com/news/%E4%B8%AD%E4%BF%A1%E4%B9%9F%E9%80%B2%E8%BB%8D%E5%B9%B4%E8%BC%95%E4%BA%BA%E6%84%9B%E7%9A%84%E3%80%8C%E5%85%88%E8%B2%B7%E5%BE%8C%E4%BB%98%E3%80%8D-fula%E4%BB%98%E5%95%A6%E7%9B%AE%E6%A8%99%E8%A1%9D%E7%99%BE%E8%90%AC%E6%88%B6-092901223.html,"中信金（2891）也進軍年輕人最愛的「先買後付」（BNPL ,Buy Now Pay Later）市場，透過孫公司「中國信託資融」正式推出全新金融支付工具「Fula付啦」APP，免信用卡可分期付款，註冊5分鐘內取得信用額度，目標期許服務百萬會員客戶、百億分期金額，致力成為臺灣BNPL第一品牌。中信資融表示，「Fula付啦」先買後付，是全數位化的第三方金融支付工具，為目前國際金融支付的趨勢，最受千禧世代和Z世代青睞，它的原理就是先幫客戶代墊費用給商家，再請客戶按期繳費給「Fula付啦」，是一種讓客戶、商家和第三方支付共好的金融服務。「Fula付啦」品牌標識以年輕圖像化英文字母，展現「眨眼微笑」的活潑意象，傳達「眨眼間 即刻享受」的品牌概念，代表消費者在每次支付的瞬間都能「打開Fula打開生活」的品牌精神，聰明安心消費無負擔。此外，申辦簡便，下載APP註冊只需3步驟：手機驗證、身分驗證及填寫基本資料，全流程數位自動化，不僅快速取得額度，消費購物時掃描商家QR Code更可快速結帳，分期付款好輕鬆。「Fula付啦」APP的帳單查詢和還款方式也非常簡便，可隨時透過APP查詢交易紀錄，顯示未來每月還款金額，並提供多種繳費管道，可持手機至超商繳費。為了打造共榮生活圈，「Fula付啦」與多家知名企業合作，包括電商、汽機車、數位3C、家電、醫美、教育、藥妝、生活百貨等，聯合線上和線下數千家不同產業夥伴提供消費分期服務，建構多元消費場景，期許服務百萬會員客戶、百億分期金額，致力成為臺灣BNPL第一品牌，滿足民眾全方位的消費需求。「Fula付啦」APP不但整合中信金控集團內部資源、外部多元數據以及科技風險管理模式，更運用母集團研發的光學字元識別（OCR, Optical Character Recognition）和AI人臉辨識技術，以全自動化申請流程，打造兼顧風險控管和客戶體驗的新型態風管模式；另外為了預防信用不當擴張，「Fula付啦」APP還有「分期小管家」的貼心服務功能，讓消費者可依個人財務規畫設定分期上限提醒，在享受便利的同時避免過度消費，讓消費更安心。延伸閱讀Yahoo財經特派記者 葉憶如：22年財經主流媒體資歷，從2000年Web1.0泡沫化到Meta元宇宙Web3.0，見證台灣大小企業集團興衰史，歷經國際5次金融危機。認為金融即生活，無所不在，再難的理財知識要淺白的說。無論老小都該理財，你不理財，財不理你。"
顛覆高齡宅想像合勤健康共生宅重新詮釋家的樣貌 - 今周刊-在今天看見明天,2891中信金,https://news.google.com/rss/articles/CBMiS2h0dHBzOi8vd3d3LmJ1c2luZXNzdG9kYXkuY29tLnR3L2FydGljbGUvY2F0ZWdvcnkvMTgzMDI3L3Bvc3QvMjAyMjExMjkwMDI4L9IBAA?oc=5,2022-12-08 08:00:00,顛覆高齡宅想像合勤健康共生宅重新詮釋家的樣貌,今周刊-在今天看見明天,https://www.businesstoday.com.tw/article/category/183027/post/202211290028/,unknow domain
存股族注意！帶你瞭解14檔市場熱門存股標的，並用3指標判斷股票增值潛力！ - Yahoo奇摩股市,2891中信金,https://news.google.com/rss/articles/CBMiwgJodHRwczovL3R3LnN0b2NrLnlhaG9vLmNvbS9uZXdzLyVFNSVBRCU5OCVFOCU4MiVBMSVFNiU5NyU4RiVFNiVCMyVBOCVFNiU4NCU4Ri0lRTUlQjglQjYlRTQlQkQlQTAlRTclOUUlQUQlRTglQTclQTMxNCVFNiVBQSU5NCVFNSVCOCU4MiVFNSVBMCVCNCVFNyU4NiVCMSVFOSU5NiU4MCVFNSVBRCU5OCVFOCU4MiVBMSVFNiVBOCU5OSVFNyU5QSU4NC0lRTQlQjglQTYlRTclOTQlQTgzJUU2JThDJTg3JUU2JUE4JTk5JUU1JTg4JUE0JUU2JTk2JUI3JUU4JTgyJUExJUU3JUE1JUE4JUU1JUEyJTlFJUU1JTgwJUJDJUU2JUJEJTlCJUU1JThBJTlCLTA1MTEwNjAxNy5odG1s0gHKAmh0dHBzOi8vdHcuc3RvY2sueWFob28uY29tL2FtcGh0bWwvbmV3cy8lRTUlQUQlOTglRTglODIlQTElRTYlOTclOEYlRTYlQjMlQTglRTYlODQlOEYtJUU1JUI4JUI2JUU0JUJEJUEwJUU3JTlFJUFEJUU4JUE3JUEzMTQlRTYlQUElOTQlRTUlQjglODIlRTUlQTAlQjQlRTclODYlQjElRTklOTYlODAlRTUlQUQlOTglRTglODIlQTElRTYlQTglOTklRTclOUElODQtJUU0JUI4JUE2JUU3JTk0JUE4MyVFNiU4QyU4NyVFNiVBOCU5OSVFNSU4OCVBNCVFNiU5NiVCNyVFOCU4MiVBMSVFNyVBNSVBOCVFNSVBMiU5RSVFNSU4MCVCQyVFNiVCRCU5QiVFNSU4QSU5Qi0wNTExMDYwMTcuaHRtbA?oc=5,2022-12-13 08:00:00,存股族注意！帶你瞭解14檔市場熱門存股標的，並用3指標判斷股票增值潛力！,Yahoo奇摩股市,https://tw.stock.yahoo.com/news/%E5%AD%98%E8%82%A1%E6%97%8F%E6%B3%A8%E6%84%8F-%E5%B8%B6%E4%BD%A0%E7%9E%AD%E8%A7%A314%E6%AA%94%E5%B8%82%E5%A0%B4%E7%86%B1%E9%96%80%E5%AD%98%E8%82%A1%E6%A8%99%E7%9A%84-%E4%B8%A6%E7%94%A83%E6%8C%87%E6%A8%99%E5%88%A4%E6%96%B7%E8%82%A1%E7%A5%A8%E5%A2%9E%E5%80%BC%E6%BD%9B%E5%8A%9B-051106017.html,相較於成長股，價值股多半擁有本益比低、現金殖利率較高等特質，且大多是獲利穩定、大型且股價波動較小的公司。價值型公司具競爭對手難以模仿或超越的優勢，擁有穩固市場地位，例如大家熟知的可口可樂，具有品牌力及銷售通路等優勢，使得它擁有長期對抗同業競爭的能力，是價值股的代表。那要怎麼找出兼顧獲利、波動度又高的個股呢？本篇就來和大家分享！一、 豐存股熱門標的排行根據資料統計，豐存股存股人數由多到少排行如下： (2330-TW) 台積電、(2002-TW) 中鋼、(2303-TW) 聯電、(2317-TW) 鴻海、(2886-TW) 兆豐金、(2884-TW) 玉山金、(2891-TW) 中信金、(1101-TW) 台泥、(2892-TW) 第一金、(5880-TW) 合庫金、(2412-TW) 中華電、(2454-TW) 聯發科、(1216-TW) 統一、(2308-TW) 台達電二、 利用 3 大指標判斷增值潛力市場上充斥的非常多的資訊，舉例而言，基本面的資訊經常像是下列的方式呈現1. 這間公司雖已有手機客戶的庫存降至 2~3 個月前的水準，但公司表示客戶對拉貨態度還是相當謹慎，未來將持續觀察需求回溫態勢。2.  這間公司因鄭州廠的疫情封控事件影響到 iPhone 14 Pro 及 Pro Max 11 月份出貨及營收。3. 這間公司 4Q22 累積達成率 71%，在伺服器電源、樓宇自動化、電動車周邊需求帶動下，營收優於預期那要如何做投資決策呢 ？對此永豐投顧採三大指標分別是 殖利率、波動度、股票評價三大指標來判斷個股應該採取怎麼樣的加減碼策略本次從 14 檔中精選 5 檔 股價波動率高評價低且增值潛力較大之標的，適合有想買房、結婚等人生規劃族群參考。應該採取怎麼樣的策略，前往 >> 永豐投顧【存股家】看更多詳細內容吧！投資延伸推薦閱讀：1. 存股要存什麼？完整特輯分享 3 大 ETF：高股息、ESG、市值型2. 經濟學家關注的總經指標：學會看 FED 升息動向、總經關鍵指標4. 美股怎麼買？複委託開戶流程告訴您！本公司所推薦分析之個別有價證券 無不當之財務利益關係 以往之績效不保證未來獲利 投資人應獨立判斷 審慎評估並自負投資風險更多鉅亨報導
引進谷歌最夯目標管理法靠16個任務小組重振競爭力獨家專訪張瑜珊 ... - 今周刊-在今天看見明天,2891中信金,https://news.google.com/rss/articles/CBMiS2h0dHBzOi8vd3d3LmJ1c2luZXNzdG9kYXkuY29tLnR3L2FydGljbGUvY2F0ZWdvcnkvMTgzMDE1L3Bvc3QvMjAyMjEyMjEwMDMyL9IBAA?oc=5,2022-12-21 08:00:00,引進谷歌最夯目標管理法靠16個任務小組重振競爭力獨家專訪張瑜珊 ...,今周刊-在今天看見明天,https://www.businesstoday.com.tw/article/category/183015/post/202212210032/,unknow domain
都更、危老爆停滯期，結構技師搶商機！「Alfa Safe系統工法」對 ... - 今周刊-在今天看見明天,2891中信金,https://news.google.com/rss/articles/CBMiS2h0dHBzOi8vd3d3LmJ1c2luZXNzdG9kYXkuY29tLnR3L2FydGljbGUvY2F0ZWdvcnkvMTkyMDA4L3Bvc3QvMjAyMjEyMjYwMDI2L9IBAA?oc=5,2022-12-26 08:00:00,都更、危老爆停滯期，結構技師搶商機！「Alfa Safe系統工法」對 ...,今周刊-在今天看見明天,https://www.businesstoday.com.tw/article/category/192008/post/202212260026/,unknow domain
決戰綠天鵝/綠色轉型 中小企缺資源 - 經濟日報,2891中信金,https://news.google.com/rss/articles/CBMiLmh0dHBzOi8vbW9uZXkudWRuLmNvbS9tb25leS9zdG9yeS81NjQ4LzY4Njk1MDbSATJodHRwczovL21vbmV5LnVkbi5jb20vbW9uZXkvYW1wL3N0b3J5LzU2MTMvNjg2OTUwNg?oc=5,2022-12-28 08:00:00,決戰綠天鵝/綠色轉型 中小企缺資源,經濟日報,https://money.udn.com/money/story/5648/6869506,在加入永續金融先行者聯盟之前，國泰世華銀行已先把投融資企業「掃過」一遍，找出碳排占前60%的大客戶，優先議合。國泰世華銀行總經理李偉正表示，「過程絕大多數是順利的，但這些都是大企業，下一步要面對的，就是中小企業。」   今年在埃及舉行的聯合國氣候變遷會議（ COP27），聚焦在如何幫助經濟弱勢的非洲國家低碳轉型，在台灣，98%以上的企業是相對弱勢的中小企業。政府目前雖然是採取「以大帶小」方式，鼓勵大企業、大銀行帶著供應鏈業者一起來減碳，但是當ESG大風吹到中小企業身上，還是會讓他們打冷顫。   中小企業協會副理事長陳萬來表示，在淨零轉型路上，中小企業最感棘手之處，是資源與輔導不足，比如公司內部沒有足夠的專業人力，可以做碳盤查或減碳規劃，另外，即便已經開始減碳了，自己減不了的碳，想買綠電來折抵，卻發現市面上的綠電不夠多，價格也不夠友善，「中小企業減碳，除了靠自己努力，也需要政府大力幫忙。」   中信金（2891）副總經理游欣慧提到，在實務上，銀行對於中小企業減碳或做議合，多是採「鼓勵」及「知識分享」，提醒中小企要注意減碳法規與趨勢。   而她也觀察到，相比大企業，較不容易取得中小企業客戶的碳排放資料。   針對中小企業的減碳困境，未來甚至可能影響融資取得，台灣永續能源研究基金會（TAISE）董事長簡又新建議，未來《氣候變遷因應法》上路後，對企業收取的碳費，馬上會變成一個大基金，這個基金就應該拿出一大部分比例，協助中小企業減碳。   國泰金控總經理李長庚也建議，政府不妨擴大現有的中小企業信保基金機制，讓中小企業跟銀行在應對氣候變遷、永續金融上，能有更多著力點。
士林電機1月EPS 0.59元 - 聯合新聞網,2891中信金,https://news.google.com/rss/articles/CBMiSmh0dHBzOi8vdWRuLmNvbS9uZXdzL3N0b3J5LzcyNTIvNjk4MDMyMj9mcm9tPXVkbi1yZWZlcnJhbG5ld3NfY2gyYXJ0Ym90dG9t0gEraHR0cHM6Ly91ZG4uY29tL25ld3MvYW1wL3N0b3J5LzcyNTIvNjk4MDMyMg?oc=5,2023-02-18 08:00:00,士林電機1月EPS 0.59元,聯合新聞網,https://udn.com/news/story/7252/6980322?from=udn-referralnews_ch2artbottom,"士林電機（1503）今天下午公布1月自結歸屬母公司獲利新台幣3.08億元，較去年同期增加1%，1月每股純益0.59元。   士電近年轉型跨足綠能【綠能】綠能就是綠色能源的簡稱，行政院國家發展委員會定義綠色能源為「此能源能夠透過自然界的循環生產，且源源不絕，在生產的過程中，不會造成環境汙染。」由於綠色能源循環再生的特性，因此也可稱為再生能源。常見的綠色能源包括太陽能、水力能、風力能、海洋能、地熱能、氫能和生質能等。，又有台電強韌電網計畫進補，今年營運目標是營收及獲利持續追求成長，營收再度挑戰史上新高。此外士電本周才宣布與起而行、和泰集團合資成立充壩，跨足電動車充電運營領域，在這項投資公布後，士電的綠能與新能源相關事業受到市場矚目，股價更是連日攀高，上周以84.7元作收，漲幅驚人。   士電指出，近日有價證券在集中市場達到公布注意交易資訊標準，因此公布相關財務業務資訊，以利投資人區別瞭解。   士電是全球知名的電力系統重要設備供應商，近年積極布局綠能產業，朝向綠電【綠電】綠電泛指再生能源所發出的電力，我國主要是透過提升太陽光電與風力發電來提升再生能源發電的比重。2019年我國完成《電業法》修法後，邁開電力自由化的腳步，將發電業、輸配電業與售電業從台電公司原本統包的型式中劃分出來。其中，發電與售電業可開放民間加入，以增加綠能推動的動力。另根據《再生能源發展條例》，再生能源售電業可以將產出的電力以綠電的型式售出，所賣出的每1\,000度綠電代表著買方會獲得一張再生能源憑證（T-REC）。供應者，包括漁電共生、電廠EPC統包發展，此次策略結盟是「強強強結合」，士電可全方位提供充電元件，儘管目前國內電動車不多，但在充電服務等到位後，反而擁有後發先至的機會，未來非常有競爭力。   展望今年營運，士電日前指出，1月至3月營運相對樂觀看待，包括重電、綠能、台電計畫從去年下半年訂單量大，今年第1季持續出貨，自動化事業群和中國大陸子公司受到大環境影響，部分業績可能回落。   士電表示，上半年在綠能和台電強韌電網計畫助攻下，預期第1季業績相對樂觀，第2季可望持平，下半年其他事業群業績回溫，有助今年業績成長目標，上半年審慎樂觀，下半年待景氣復甦拚商機。"
中信金攜手六校培育FinTech人才 打造最大跨校課程 - 經濟日報,2891中信金,https://news.google.com/rss/articles/CBMiLmh0dHBzOi8vbW9uZXkudWRuLmNvbS9tb25leS9zdG9yeS81NjEzLzcwMzMyOTLSATJodHRwczovL21vbmV5LnVkbi5jb20vbW9uZXkvYW1wL3N0b3J5LzU2MTMvNzAzMzI5Mg?oc=5,2023-03-15 07:00:00,中信金攜手六校培育FinTech人才 打造最大跨校課程,經濟日報,https://money.udn.com/money/story/5613/7033292,隨著金融科技創新腳步加快，人才培育愈發重要，中國信託金控持續深化與國內指標大學合作，去年起攜手國立政治大學金融科技研究中心主導的五校聯盟開設選修課程，今年擴大規模加入中信金融管理學院，共同規劃兼具學術理論與企業實務的授課內容，吸引橫跨六校近200名同學選修，為台灣最具規模的金融科技聯授課程。   五校聯盟由國立政治大學、國立清華大學、天主教輔仁大學、淡江大學、逢甲大學合組，中信金控（2891）去年首度攜手五校聯盟的產學合作課程獲得師生一致好評，修課同學對中信金控提供的實務分享、體驗設計工作坊，與「以競賽取代期末考」過程中業師一對一悉心指導印象深刻。   參考上屆修課同學的反饋，本屆課程加強課堂互動，包含企業實務案例討論、設計思考實作體驗；創新提案競賽將強化實戰經驗，除有業師指導，另安排去年優勝團隊傳承經驗，加速同學掌握創新實作的關鍵，今年更邀請中金院加入，期盼嘉惠更多學子。   值得一提的是，本屆的期末決賽將移師新創場域舉行，由六校老師與中信金控各子公司主管擔任評審，讓同學實際體驗創業團隊與潛在投資者「Idea Pitch」的過程。   對於中信金控持續深化與六校合作，國立政治大學金融科技研究中心主任王儷玲表示，本課程是全台最創新的課程，合作邁入第二年，希望跳脫傳統大學授課模式，訓練同學獨立思考、創新思維、解決問題、口語演說等課本外的重要能力。   中國信託商業銀行數位金融處處長羅至善副總經理則鼓勵同學，這門課不只有專業知識，更有中信金控各領域的導師團隊協助同學動手做創新，培養跨領域思維，與同學共同開啟金融創新的數位文化運動。   課程內容安排上，中信金控規劃金融科技發展趨勢及數位轉型的實務分享，並透過創新工作坊讓同學實作設計思考的過程。   針對時下最具討論熱度的數位資產與元宇宙領域，由天主教輔仁大學教授高銘淞及中信金融管理學院教授李桐豪，講授包含如何評估數位資產價值、元宇宙金融治理等議題；王儷玲則是聚焦在金融科技基礎理論，如AI、區塊鏈、開放銀行的趨勢發展與監理思維，更邀請到Gartner與Visa的業師分享全球最新趨勢。   國立清華大學教授韓傳祥、逢甲大學教授陳彥志、淡江大學教授趙慕芬著重技術發展領域，講授AI、區塊鏈、IoT與保險科技、雲端及資安相關金融應用。   取代傳統考試的企業級提案實作，亦為學程一大特色，以圍繞新興金融趨勢的商業模式、數位原生世代的客群經營創新及新型態數位工具的通路創新等不同構面出發，鼓勵來自六校多元系所的同學跨專業組隊。   有關課程也搭配不同業務領域導師群的指導，由各校教授與中信金控各子公司主管組成專業評審團，以企業內部創新提案的標準進行評選，培養同學進入職場必備的實戰能力。   中信金控希望透過與專業院校的深度合作，打造高品質的金融科技課程典範，培養快速銜接產業實務的金融科技創新人才，厚植企業競爭實力。中信金控今年攜手六校，打造台灣最具規模的金融科技聯授課程。中信金控／提供
10年賽道上的贏家們—2023集團市值50強大調查— - 今周刊-在今天看見明天,2891中信金,https://news.google.com/rss/articles/CBMiS2h0dHBzOi8vd3d3LmJ1c2luZXNzdG9kYXkuY29tLnR3L2FydGljbGUvY2F0ZWdvcnkvMTgzMDA4L3Bvc3QvMjAyMzA0MTkwMDAzL9IBAA?oc=5,2023-04-19 07:00:00,10年賽道上的贏家們—2023集團市值50強大調查—,今周刊-在今天看見明天,https://www.businesstoday.com.tw/article/category/183008/post/202304190003/,unknow domain
中信金任PCAF亞太區主席 永續年會談再生能源專案融資 - 經濟日報,2891中信金,https://news.google.com/rss/articles/CBMiLmh0dHBzOi8vbW9uZXkudWRuLmNvbS9tb25leS9zdG9yeS81NjEzLzcxMTQ1MDLSATJodHRwczovL21vbmV5LnVkbi5jb20vbW9uZXkvYW1wL3N0b3J5LzU2MTMvNzExNDUwMg?oc=5,2023-04-21 07:00:00,中信金任PCAF亞太區主席 永續年會談再生能源專案融資,經濟日報,https://money.udn.com/money/story/5613/7114502,"迎世界地球日，中國信託金融控股公司（簡稱「中信金控2891）」）今（21）日參與「地球解方2023永續設計行動年會」，與產、官、學界專業人士交流永續發展議題，分享參與國際倡議組織之經驗，並於永續創新論壇中說明中國信託商業銀行（簡稱「中信銀行」）成功推動再生能源專案融資發展的關鍵因素，展現對永續發展的支持。   「地球解方2023永續設計行動年會」由5% Design Action社會設計平臺主辦，中國信託金控幕僚長暨發言人高麗雪出席開幕儀式、中國信託銀行企業融資處副總經理李靜婷擔任永續金融創新論壇講者。高麗雪幕僚長表示，中信金控持續發揮金融影響力，支持多項國際倡議，現任碳核算金融聯盟（Partnerships for Carbon Accounting Financials, PCAF）亞太區主席，提供風險管理實務經驗，參與倡議機構框架及方法學制定小組供全球金融業遵循及參考。   中信金控意識到財務碳排盤點的重要性，率先臺灣同業加入PCAF，持續擔任亞太區主席。PCAF上（3）月召開第一季線上會議，包含臺灣、日本、韓國、澳洲、馬來西亞等地超過80家金融成員機構成員共同參與，討論甫於上月發布的《不動產營運溫室氣體盤查和報告技術指南》，補充規範不動產溫室氣體排放量盤查相關之方法學，提供金融機構透明一致的測量核算指引；中信金控更是PCAF全球核心小組唯一亞洲成員，與全球21家標竿金融業共同制定第二版「金融業全球溫室氣體盤查和報告準則The Standard」指引，預期將協助全球總資產逾89兆美元、參與PCAF之382家金融機構進行財務碳排盤點及減量，共同努力達成2050淨零排放目標。   李靜婷副總經理則進一步分享，隨著永續意識興起，中信銀行藉由投融資實踐影響力紅利（Impact Alpha）的願景，不遺餘力地參與赤道原則謹慎評估高汙染產業，協助客戶因應供應鏈購買綠電。中信銀行亦善用金融專業，擔任彰芳暨西島離岸風電計畫、大彰化離岸風電計畫東南風場、中能離岸風電計畫三案之財務顧問及統籌主辦行，聯貸總金額逾新臺幣2,000億元，創新專案融資模式引領金融業與客戶攜手達成SDGs指標，更創造社會就業與和諧共榮；中信銀行亦主辦廢棄物再生能源（Waste to Energy）融資聯貸案，為環境及社會帶來正面效益，兼顧獲利及長期競爭力。   中信金控亦為臺灣首家加入「自然相關財務揭露小組」（Taskforce on Nature-related Financial Disclosures, TNFD）之企業，持續參與TNFD的框架制定討論，2022年亦參與聯合國環境規劃署金融倡議（United Nations Environment Programme Finance Initiative, UNEP FI）規劃的TNFD試行計畫，與全球42家金融機構為本月出版的TNFD試行計畫報告書提供研究案例，以強韌的風險管理能力參與聯合國永續行動。"
燦坤搶攻無卡族群支付商機 宣布與中信金旗下Fula付啦合作 - 自由財經,2891中信金,https://news.google.com/rss/articles/CBMiMmh0dHBzOi8vZWMubHRuLmNvbS50dy9hcnRpY2xlL2JyZWFraW5nbmV3cy80Mjg0NjMy0gE2aHR0cHM6Ly9lYy5sdG4uY29tLnR3L2FtcC9hcnRpY2xlL2JyZWFraW5nbmV3cy80Mjg0NjMy?oc=5,2023-04-28 07:00:00,燦坤搶攻無卡族群支付商機 宣布與中信金旗下Fula付啦合作,自由財經,https://ec.ltn.com.tw/article/breakingnews/4284632,燦坤搶攻無卡族群支付商機 ，宣布與Fula付啦合作。（燦坤提供）〔記者黃皓宸／台北報導〕分期付款可以不用刷卡？近年因疫情影響催生了消費行為的轉變，消費者對行動支付的偏好度持續攀升，為跟緊金融科技進步，3C實體通路商燦坤（2430）持續開發支付商合作夥伴，今宣布與中信金（2891）旗下公司中信資融的支付工具「Fula付啦」聯手合作，搶占「先買後付」的無卡消費體驗。「Fula付啦」APP為中信資融所推出的支付工具，首推無需信用卡金融分期付款，提升消費者的資金運用彈性。中信資融指出，該產品整合中信金控多元數據及科技風險管理模式，申請流程全自動化，在資安及個資保護也以金控規格提供安全的金融支付。燦坤指出，透過Fula付啦的分期方式，讓消費者享受先買後付的無卡分期付款體驗，也提供悠遊付、LINE Pay及台灣Pay行動支付，另今年5月底前使用付啦致燦坤消費滿額，最高也有回饋金13%。           
中信金配息1元 殖利率4.4% - 經濟日報,2891中信金,https://news.google.com/rss/articles/CBMiLmh0dHBzOi8vbW9uZXkudWRuLmNvbS9tb25leS9zdG9yeS81NjEzLzcxMzA5ODbSATJodHRwczovL21vbmV5LnVkbi5jb20vbW9uZXkvYW1wL3N0b3J5LzU2MTMvNzEzMDk4Ng?oc=5,2023-04-29 07:00:00,中信金配息1元 殖利率4.4%,經濟日報,https://money.udn.com/money/story/5613/7130986,  中信金控（2891）昨（28）日董事會通過股利政策，在未動用資本公積前提下，每股發放現金股利1元，盈餘分配率約64.5％，以昨日收盤價22.6元計算，殖利率達4.42%，在金控中名列前茅。中信金已連16年發放股利、連七年現金股利維持在1元以上。   玉山金昨日公布，受現金增資稀釋股權影響，玉山金下調股利，從原先股票股利0.4元、現金股利0.2元，變更為股票股利0.38元，現金股利0.19元，合計0.57元。   中信金過去六年現金股利政策發放從沒有低於1元，年均殖利率多可維持在4.6%至逾5％水準，盈餘分配率近三年維持在45~48％附近。   中信金去年稅後純益312.79億元，每股稅後純益（EPS）1.55元，即便受到子公司台灣人壽2022年投資市場劇烈波動、防疫保單理賠及準備金上揚影響，此次配發仍使用當年度獲利，配發現金股利1元，配發現金股利總金額為195.8億元。   中信金昨日同步發布高層異動訊息，金控及子公司中國信託證券分別召開董事會，原金控投資長謝載祥出任中信證券董事長，投資長一職由金控總經理陳佳文兼任；不過陳佳文僅為暫兼，中信金將再尋找新投資長接任。   中信金指出，針對子公司台灣人壽董事會決議發行10年以上具有到期日次順位公司債，預計發行總額新台幣不超過130億元，如果納入相關作業流程，下半年確定可以發行，但也可觀察是否能力拚提前到6月發行。   中信金控董事會也決議，為提升金控管理效率、發揮集團協銷綜效，中信金將收購子公司台灣人壽下中國信託資融全數持股，交易完成後中國信託資融將成為中信金旗下子公司，本案待報請主管機關核准後生效。
緣起未滅，股市向陽——兼論工具機商協易機 - 今周刊-在今天看見明天,2891中信金,https://news.google.com/rss/articles/CBMiS2h0dHBzOi8vd3d3LmJ1c2luZXNzdG9kYXkuY29tLnR3L2FydGljbGUvY2F0ZWdvcnkvMTgzMDI1L3Bvc3QvMjAyMzA1MzEwMDQxL9IBAA?oc=5,2023-05-31 07:00:00,緣起未滅，股市向陽——兼論工具機商協易機,今周刊-在今天看見明天,https://www.businesstoday.com.tw/article/category/183025/post/202305310041/,unknow domain
台彩電腦型經銷商 遴選出列 - 經濟日報,2891中信金,https://news.google.com/rss/articles/CBMiLmh0dHBzOi8vbW9uZXkudWRuLmNvbS9tb25leS9zdG9yeS81NjEzLzcyMDQyODTSATJodHRwczovL21vbmV5LnVkbi5jb20vbW9uZXkvYW1wL3N0b3J5LzU2MTMvNzIwNDI4NA?oc=5,2023-06-01 07:00:00,台彩電腦型經銷商 遴選出列,經濟日報,https://money.udn.com/money/story/5613/7204284,"  中國信託金融控股公司（2891）旗下子公司中國信託商業銀行（簡稱「中信銀行」）委託台灣彩券公司辦理中華民國第五屆公益彩券電腦型彩券經銷商遴選作業，昨（31）日於國立臺灣大學綜合體育館已順利完成抽籤，從7萬5,734件符合抽籤資格者中，抽出正取5,500位、備取5,500位，共1萬1,000位準電腦型彩券經銷商，抽籤結果將在6月2日於中國信託銀行彩券管理部與台灣彩券公司網站開放供民眾查詢，主辦單位將個別專函寄發中籤暨測驗通知單，通知中籤之準經銷商。   第五屆公益彩券電腦型彩券經銷商遴選作業於今日上午9時執行人工抽籤，依公益彩券實際業務經營情況將全台劃分為159區，八組同時進行抽籤作業，除公益彩券經銷商遴選委員會監督所有作業流程外，財政部國庫署主秘羅幸榮亦蒞臨指導。為使所有流程公開透明，抽籤現場邀請安永聯合會計師事務所全程見證監督，開放400名符合抽籤資格者驗籤，全程錄影存證，以確保抽籤作業在公正人士與民眾的監督下，符合公平、公正原則。   中國信託金控暨中信銀行行政長高人傑表示，中信銀行自2007年起取得公益彩券發行權至今將屆滿17年，感謝主管機關及民眾對中國信託及台灣彩券的肯定；未來十年在彩券經銷商夥伴的共同努力，以及主管機關財政部的專業督導之下，中信銀行與台灣彩券將持續以更嚴謹的態度，使公益彩券盈餘穩定累積，挹注更多資源執行社會福利政策，提供弱勢彩券經銷商就業及提升生活品質的機會。   抽籤結果將在6月2日於中信銀行彩券管理部與台灣彩券網站供民眾查詢，且專函寄送中籤暨測驗通知單；中籤者需詳閱通知專函內相關說明事宜，於規定期限內完成測驗，測驗合格者將以書面通知並於網站公告最後當選之經銷商名單。民眾如欲查詢抽籤結果及相關資訊，可撥打台灣彩券公司免付費客服中心專線0800-024-999，或至中信銀行彩券管理部網站（https://lotto.ctbcbank.com）及台灣彩券公司官方網站（https://www.taiwanlottery.com.tw）查詢。    "
大學教授砸積蓄買185張金融股「3年後哭了」，果斷換股2檔漲30%就賣出，這樣做5年滾出千萬退休金 - 經濟日報,2891中信金,https://news.google.com/rss/articles/CBMiL2h0dHBzOi8vbW9uZXkudWRuLmNvbS9tb25leS9zdG9yeS8xMjA0MC83MjQ5NTU30gEzaHR0cHM6Ly9tb25leS51ZG4uY29tL21vbmV5L2FtcC9zdG9yeS8xMjA0MC83MjQ5NTU3?oc=5,2023-06-28 00:24:52,大學教授砸積蓄買185張金融股「3年後哭了」，果斷換股2檔漲30%就賣出，這樣做5年滾出千萬退休金,經濟日報,https://money.udn.com/money/story/12040/7249557,"  編按：作者是銘傳大學企管系助理教授，43歲開始正視高齡化和少子化對社會各層面的影響，以及對教育界未來無可避免的衝擊。那年是2015年，她的危機意識引發預做準備的念頭，擬定「離開校園10年計畫」，決定超前部署退休金，目標是「10年後離開校園，每年領到100萬元的股利，當作退休金」。  為了執行打造被動收入的計畫，她把股市當作「開心農場」。投入股市的第一年，她買進穩定配息、配股的金融股，隔年，185張股票變200張，讓她覺得如果持續複利成長，就能順利實現目標。但沒想到，第三年股利政策改成配息、不配股，股利縮水，股價波動也讓資產起伏，原本的計畫趕不上變化，為了確保她的10年退休計畫能成功，她調整作法提高了目標達成率。   身為股市開心農場的主人，她了解農作物與養殖業具生產週期，一旦供需失衡，就會引發市價波動，她把投資方法調整成「波段存股法」，也就是「雙管齊下」：「波段價差」+「股利再投入」，5年的投資成效，300萬元變成1,300萬元，提早滾出千萬退休金，2020年股利年領60萬元，朝向年領100萬元的目標邁進。   想要完成「離開校園 10 年計畫」的任務，必須先計算需要設定多少資金作為目標。  近年來，由於各國政府不斷推行寬鬆貨幣政策，利率連年下降，許多長輩退休金所孳生的利息大幅縮水、入不敷出，面臨必須動用辛苦存了一輩子的老本，擔心害怕坐吃山空。再者，由於醫療技術進步，國人平均壽命延長，不少人也煩憂存款不敷使用至終老。  所以，我在想，不能用存到多少「金額」的「錢」的觀點來準備退休金，而是將現在的工作所得與離開職場後的可支配所得進行比較。既然已下定決心自己的退休金自己存，那就要存好、存滿，所以我設定一個目標：離開校園後的所得替代率為 100 %，每年有 100 萬元的「年退俸」，亦即每年能領到 100 萬元的股利。   勾勒完這樣的藍圖，我便以「資產」觀點進行投資，所要做的是持續不斷累積股票資產，當有一天擁有的股票資 產每年可配發 100 萬元股利，我便建置完成了每年可領到 「100 萬元年退俸」的「被動收入系統」，屆時就能安然離開校園，從事繪畫、藝術、設計方面的興趣，以及有更多時間可以奉獻心力給國家社會。  想不到我的投資成果日益顯現，逐漸累積了股票資產與財富，讓我覺得自己很幸運、充滿感恩。彷彿有個聲音告訴我，要寫一本簡單易懂的入門投資理財書籍，讓即便缺乏資金、個性保守的人，也能利用小額資金及早展開投資生涯， 利用複利加速累積財富的成效，因此我便完成了《自己養會下金蛋的鵝》一書。  後來，偶爾會接獲讀者來信，希望我能進一步分享這些年來的投資經驗，正在思考時，因緣際會就收到采實文化俊安主編的邀約。由於從未想過會出這本書，所以要去回想這 5 年來的投資點滴並整理出來，著實是一大考驗。但我會盡已所能，以有系統、邏輯的方式撰寫，讓有興趣參考我投資方法的人，都能了解背後的原理，並有機會練習或應用。   因為時間久遠，有些記憶可能有些模糊，要逐筆記錄出過去 5 年來的所有交易紀錄，是不太可能的事情。在不影響完整性的原則下，我將略過一些枝微末節的細項，以免讓內容過於龐雜散亂。  交易數量僅有個位數字的股票會予以省略，但若有特別值得分享的部分則會做解釋。對於某些交易當時買進或賣出的重要考量點，我會說明這過程如何根據交易績效、經濟景氣循環等因素，再配合一些大師的原理進行檢討與調整，最 後慢慢形成我個人的投資策略。 股災，低價買進潛力股的好時機  2015 年，大陸股災引發全球股市同步下挫，終於讓我等到進場時機。   一些存股達人都蠻偏好中信金（2891），由於我有它的信用卡且發現每家統一超商都有它的提款機，而且分行到處林立，所以能見度相當高。此外，中國信託商銀非常創新、也很會做行銷，we are family 的 slogan 更讓人朗朗上口，再 加上過去配息和配股的歷史紀錄很不錯，所以便認定它是一個深具潛力且安全穩健的投資標的。   由於當時中信金從 24 元一路往下跌到 18 元，我覺得機不可失，便開始買進。巴菲特說，你要把雞蛋放在同一個籃子裡，然後專心看好它。所以，我便把資金 300 萬元，在 2015 年 9 月後，從 18 元向下買進中信金。  2016 年 1 月，我以 15 元的價格買進最後一筆中信金後，銀彈便全部用光，後來中信金最低價格曾經跌到近 14 元，那時覺得好可惜沒錢繼續撿便宜，總共買了 185 張， 均價 16 元。很幸運，這 185 張中信金在 2016 年配息 0.81 元、配股 0.8 元，所以我領了 149,850 元股利和 14.8 張股票。為了將 0.8 張股票湊成整數，股利入帳後，我再買了 200 股零股，所以中信金持有張數便增加至 200 張。 選股方向有兩種：生活、產業發展  藉由閱讀投資理財的書籍後，我也漸漸培養出自己的選股能力。  我的選股方向分兩種，一個是透過觀察自己的生活環境來選股，我稱為「生活選股」；另一個是藉由閱讀各種商業雜誌了解產業發展趨勢、開發潛在標的，我稱為「產業發展選股」。  一般民眾的垃圾是由公有清潔隊清理，但我發現，許多餐廳打烊時，都會有民營清潔公司去回收一袋一袋的垃圾，或是在後面巷子裡有專用的垃圾桶，由於垃圾是每天會源源不絕產生的東西，而且屬於政府特許行業，必須有合法執照和掩埋場，有點類似巴菲特說的，好企業要有很寬的「護城河」概念。  我研究了以後，發現有好幾家類似的公司，甚至包含醫療廢棄物處理公司，其中可寧衛（8422）每年的「每股盈餘」（Earnings Per Share, EPS）約有 12 ∼ 13 元，而且配息很大方，大概有 10 元左右，股價也算合理，評估後便很安心進行投資。為了加速投資成效，之後每年也努力儲蓄，再繼續投入 30 萬∼ 50 萬元的資金。  調整投資策略：「波段價差加上股利再投入」   巴菲特有句大家耳熟能詳的名言：「如果你不想持有某檔股票 10 年，最好連 10 分鐘都不要持有。」此外，《我把套牢股變搖錢樹》作者老農夫的一句話：「慢慢來、比較快。」也深深打動了我的心，所以我便抱著要和我的股票天長地久的心情重返股市。  我打著如意算盤，200 張中信金繼續配息 0.81 元加上配 股 0.81 元的話，2017 年，我就能再增加 16 張股票，並領到 16.2 萬元股利。如果能以這樣的方式持續「複利」成長下去，我便能順利的達成投資目標。  然而，人算不如天算，2017 年中信金公布不配股、只配息 1 元，這樣一來，200 張股票只能領到 20 萬元股利。我估算 1年若想領到 100 萬元股利，至少需要 1,500 萬∼ 2,000 萬元的本金。我一開始的本金只有 300 萬元，以為自己買了 1 張由台北前往高雄的高鐵車票，哪知道開心過了板橋站，才發現這張票只能搭到新埔站，之後必須轉搭台鐵普通車前往高雄。眼看這樣的速度無法讓我達成 10 年離開校園計畫的目標，所以必須調整原先的投資策略。  當你把股票賣掉，有些人便會用「如果你不想持有某檔股票 10 年，最好連 10 分鐘都不要持有。」這句話來批評你背離巴菲特的投資原理，覺得你是炒短線的人。為了避免只知其一、不知其二所造成的影響，若能仔細閱讀、反覆思考巴菲特的投資原理，將會獲得更多的啟發。   《巴菲特寫給股東的信》（The Essays of Warren Buffett） 一書指出，「我們採用雙管齊下的策略投資在企業上（也就是百分百收購，或是在市場上購入部分股權）。當然，有時市場會高估一家公司的價值。在此情況下，我們會賣掉手上的股票。此外，我們有時也會賣掉價格合理，甚至是遭低估的持股，因為我們需要籌措資金，買進價值遭更大幅低估的股票，或是我們覺得自己比較了解的公司。」   由此可知，巴菲特並非只買不賣。一來巴菲特擁有巨額資金，但我的資金只有 300 萬元，所以不可能收購企業；再來，巴菲特投資的時間已有七、八十年，但我所設定的期限為 10 年。在認清自己的資金與時間局限後，我便將巴菲特雙管齊下的策略調整為適合自己的「波段價差+股利再投入」模式，藉此提升股票資產的累積速度！  一方面受到中信金只配發股利 1 元的刺激，另一方面 2017 年時，台股開始上漲至九千多點接近萬點時盤旋許久，根據台股的歷史經驗，萬點總是曇花一現，是一個很難突破且持續時間不久的關卡。有鑑於此，除權完，我將均價 16 元的 200 張中信金股票，以 18.95 元賣出 158 張，把 300 萬元本金全部回收，在帳戶（開心農場）裡存下 42 張「零成本股票」，而這 42 張股票就是 16 元漲至 18.95 元的波段價差及配息的成果。 我的波段價差策略，是在股票價格上漲時賣出，可以回收全部本金的張數，並把剩下來的數量當成零成本股票 「存」下來。回收全部本金的好處，就是能重新逢低布局一次。由於要歸零重新開始，就會變得更謹慎，也能耐心等待機會、不會躁進。   在這階段，我找到四家很不錯的公司，艾訊（3088）、聯華（1229）、長興（1717）、 和創見（2451）。在那段期間各國紛紛投入工業 4.0，我循序找到工業電腦大廠研華（2395），但它的股價實在太貴，而且對應的歷史 EPS 與股利政策並不吸引人，於是作罷。  然後，突然發現隸屬於研華集團的艾訊（也是工業電腦廠），當年度在處分子公司益網之後，EPS 貢獻 9.6 元，但市場看衰艾訊賣出金雞母後的未來前景，所以股價直直落。我研究發現，艾訊公司體質良好，所以便將售出中信金的 300 萬資金投入至艾訊，由 52 元開始往下承接至50 元，買了59 張。  聯華是麵粉大廠，因為看到雜誌報導董事長苗豐強帶領公司進行一連串創新發展的報導，觀察過去的 EPS 和配息配股都很穩，便決定投資聯華。長興材料主要做合成樹脂，是歷史悠久的公司，獲利穩健且幾乎都有配息和配股（同時發放股利與股票是我最喜歡的公司類型），所以也開始買進。   我在報導上看到創見連續 13 年獲得台灣精品獎，而且我工作需要使用隨身碟，在商店架上經常看到創見的產品，所以便研究了一下。它是快閃記憶體大廠，獲利穩健且每年 配息豐厚，同時也是 0056 的成分股，而且價格又來到歷史相對低點，所以也決定買進。礙於股利和儲蓄的新增資金有限，所以只買了零星張數的聯華、長興和創見股票。 好公司的股價 2 ~3 年一個週期 累積了幾年的經驗後，我發現一些好公司的股價每隔 2 ∼ 3 年就會有一個循環的週期，所以只要在歷史相對低點的 價格買進，之後價格在 2 ∼ 3 年內漲三成不成問題，因此我便將波段價差設定為「漲三成」。買進後若期間內股價沒有上漲，過程中還能領股利，很有保障，一旦到達漲三成的目標價格立即賣出。如果賣掉股票後，它的價格繼續上漲，我也不會覺得可惜，我就祝福它，並很開心自己的眼光真好。   很幸運，艾訊漲了三成，所以賣出 48 張股票回收 300 萬元的本金，並在開心農場裡存下 11 張零成本股票。同年聯華也漲了三成，因為當時買的張數比較少，所以全數賣出，並將波段價差的獲利留下來，之後找機會為開心農場添購零成本的股票。  我在雜誌上看到宜鼎（5289）的報導，該公司以自有品牌 Innodisk 拿下全球工業級 SSD 市占率第一，著重在工業控制領域，是台灣的隱形冠軍，每年可以賺一個股本，EPS 和股利都非常不錯。  2019 年年初，台股下跌，許多公司的股票價格也都同步走低。此時，宜鼎的價格來到歷史低點（100.5 ∼ 101.5 元），所以我在 2019 年 2 月買了 20 張。同時，聯華在 2 月時股價也跌回上次我買的歷史低點，所以用 30.5 元的價格再買了28 張。   國巨（2327）在2019年3∼4月公布配發股利44.8 元，當時股價已跌破 340 元，我換算一下，殖利率高達 13 %，讓我非常心動，所以就從 340 元開始往下買了 6 張。此外，我發現大家都很愛考公職，也常常聽到廣播的補習班廣告，研究了一下，找到了智基（6294），它的獲利和配息（殖利率 7.3%）也相當好。  反觀中信金，當時股價已來到 20.9 元，但是僅配息 1 元，殖利率只有 4.78%，所以我便把帳戶中 42 張零成本的 中信金賣出，轉換成 5 張智基和 1 張國巨。 漲三成賣出，等待下個進場週期  2019 年年初，台股由低點一路往上漲，愈漲愈瘋狂。我一直謹記霍華.馬克思（Howard Marks）《掌握市場週期》（Mastering the Market Cycle）裡所說的，你必須辨識市場週期目前處在哪個位置，才能看出別人察覺不到的大機會。當別人義無反顧且信心滿滿的積極大舉買進時，我們應該要抱持高度謹慎的態度。我雖然不知大盤何時會反轉，但已經開始提高警覺。  巴菲特說，當潮水退出，就知道誰在裸泳。暢銷財經作家安納金也說過，當海嘯來臨時不是比誰游得快，而是要看誰已經離開沙灘了。  2019 年年初，我買進宜鼎和聯華，後來都漲到波段三成目標價，有鑑於感受到股市過熱的氣氛，所以這次我採取的策略是，將股票全部售出以回收更多資金，等待下次逢低布局機會，所以就沒留下零成本股票，其中宜鼎漲三成後以 132 元賣出 20 張，獲利 60 萬元。   老實說，國巨和我過去所挑選的股票類型完全不一樣， 買了以後無法像其他股票可以讓我不用管、安心吃飯睡覺。國巨除權完後，股價一路下探至兩百多元，我慢慢等它漲到 375 元後，為求安心便在獲利 15% 時全部售出，領了約 27 萬元股利，再加上小小幅度的波段價差利潤 27 萬元，國巨最終以獲利 54 萬元收場。   國巨股價後來又歷經了一波震盪起伏，在寫這本書之際，股價雖已漲至 600 元，但我賣掉它卻從不後悔。我特地說明國巨的投資歷程，就是想讓讀者知道，你必須要清楚自己的投資目標是什麼，哪種股票適合你，你想在股市裡追求上沖下洗的快感，還是安全平穩的獲利?美國成功學作家拿破崙.希爾(Napoleon Hill)所說:「心靜致富。」對我而言才是最重要的。  投資 5 年，提早滾出千萬退休金   2017 年，我以 80 元價格買進 5 張創見之後，營收就持 續衰退，價格甚至曾經一路下跌至六十多元，我就一直在等待機會賣出。很幸運地，2020 年初創見實施庫藏股買回自 家股票，所以價格開始慢慢上漲。在 2 月時，競爭對手日本AND Flash 晶片大廠鎧俠(Kioxia，原名東芝記憶體)生產線失火，轉單效應造成創見股價大漲，我便趁機在 82 元全數賣出。   雖然只賺到一點點價差，沒有達到三成漲幅的目標，但是 2年來創見分別配發 6 元和 5 元的股利，40 萬元本金一年領到 3 萬元股利(殖利率 7.5）、一年領到 2.5 萬元股利 (殖利率 6.25），比銀行定存好太多，我也心滿意足了。  《富爸爸，窮爸爸》(Rich Dad, Poor Dad)作者羅伯特.清崎(Robert T. Kiyosaki)說:「富人買進資產，窮人買進負債，中產階級則是買進自己以為是資產的負債。所謂的資產是指，買下後能不斷產生現金流到你口袋裡的東西，所謂的負債則是，買下了後會不斷從你口袋把錢掏走的東西。」   這句話對我的影響很深刻，也讓我在挑選投資標的時， 除了重視公司體質和發展前景，更重要的是，必須要有很好的股利政策，如此才能產生源源不絕的現金流，達成我建置每年可以發放 100 萬股利的被動收入系統目標。   分享這段創見的投資歷程，是想讓讀者知道，買進股票後，股價難免會波動、下跌，但過程中，若每年都能領到豐厚的股利，你便能很放心的抱著股票，不需要因為害怕股價下跌而「認賠殺出」，可以耐心等待股價上漲時機的到來。  霍華.馬克思指出，如果市場往一個極端擺盪得愈高， 它盪回來的力量可能會更猛烈，並且造成更大的損害。上漲後就是修正，多頭市場後就是空頭市場，在繁榮和泡沫之後接踵而至的，則是傷害更大的崩潰與恐慌。巴菲特也說，每一個泡沫，都有一根針在等著它。  我不知道這樣算不算泡沫，也不知道針藏在哪裡，更不知道何時股市會豬羊變色、產生變化。我能做的就是提高警覺、預做準備，耐心等待機會。賣出創見後，2020 年初，我已經收回 70% ∼ 80% 的資金，在過熱的投機氣氛中等待股市反轉。 然而，誰也意料不到，在農曆春節股市封盤期間，竟然爆發新冠肺炎疫情，一隻黑天鵝從天邊飛來，戳破全球過熱的股市。巴菲特說，當別人恐懼的時候，我們要貪婪;霍華.馬克思也說，當別人驚慌失措不敢採取行動，甚至恐慌賣出時，我們應該要轉趨積極。  在逐步收回資金等待近半年後，機會終於到來，而我一直在等待的自動化倉儲設備大廠盟立（2464）的股價，也下跌至 2 ∼ 3 年來的歷史相對低點。當盟立到達我所設定的進場價格時，我便從35.75元開始買進，並用很快的速度先買足一半資金的盟立股票。每年股市的走勢都不同，這次股市不像 2017 年、2018 年、2019 年，讓我幾乎都是買在低點沒多久後，價格便開始反轉向上;股價也不像 2015 年 8 月一路下跌至隔年 1 月，而是雪崩式的下跌。  由於看好自動化設備的前景，所以我將大部分資金鎖定在盟立。然而，盟立的價格卻如同自由落體般不斷墜落、深不見底，我向下承接的資金越來越少，直到價格來到最低價格 25.5 元，那一天我買了5張股票。表面上從 35.75 元往下買至25.5元，均價應該很低，但事實上，均價是 33.3 元，並沒有想像中的低。  那陣子剛好遇到媒體來採訪，當時還在布局階段，原本預計要買 167 張，後來人算不如天算，最終只買了 151 張， 總成本為 503 萬元。原本我以為會用複製當年中信金的模式來布局盟立，不過這次股市崩盤來得又快又急，雖然最終的結果相似，但過程還是不太一樣，這就是股市千變萬化、難以捉摸、充滿挑戰的地方。這次股市跌得既深又快，但是回升的速度不遑多讓，所以有人稱為「深 V 反彈」。後來，盟立除權完後，股價突然急速反彈，我便以均價 51.1 元賣掉 99 張股票，把503萬元本金全部回收，並在開心農場存下 52 張零成本股票。   由於壓縮大廠瑞智（4532）在爆發新冠肺炎疫情後，價格也終於來到我原先設定的目標價格 22 元，所以就開始進場，一共買了100 張、均價為 19.9 元，其實也不算便宜，過程中最低還曾跌至 13.65 元。同期間，複合板大廠森鉅（8942）的價格也下跌至目標價 60 元，因此便以60元單筆買進 10 張。  此外，工業廢水處理大廠萬年清（6624）和近年來很熱門的 ESG 議題，亦即 Environment（環境永續）、Social（社會責任）及 Governance（公司治理）三者中的環境永續有關，但由於剛上櫃不久，能參考的歷史資料有限，且每日交 易量很低，所以用 40.3 元買了 3 張。目前股價跌至三十出頭我也不擔心，因為廢水處理是未來企業必須面對的重要課題。   在投資滿 5 年後，本年度在投資上的大躍進便是領到 60 萬元的股利，帳戶資產達 1,300 萬元（包含庫存股票的市值及售出股票的現金存款），內心真的無限感恩。  本文摘自采實文化的《波段存股法，讓我滾出千萬退休金》  "
中信金：生成式AI浪潮不可逆 確保3原則逐步導入 - Yahoo奇摩股市,2891中信金,https://news.google.com/rss/articles/CBMi3wFodHRwczovL3R3LnN0b2NrLnlhaG9vLmNvbS9uZXdzLyVFNCVCOCVBRCVFNCVCRiVBMSVFOSU4NyU5MS0lRTclOTQlOUYlRTYlODglOTAlRTUlQkMlOEZhaSVFNiVCNSVBQSVFNiVCRCVBRSVFNCVCOCU4RCVFNSU4RiVBRiVFOSU4MCU4Ni0lRTclQTIlQkElRTQlQkYlOUQzJUU1JThFJTlGJUU1JTg5JTg3JUU5JTgwJTkwJUU2JUFEJUE1JUU1JUIwJThFJUU1JTg1JUE1LTEyMDI1NjgyNi5odG1s0gHnAWh0dHBzOi8vdHcuc3RvY2sueWFob28uY29tL2FtcGh0bWwvbmV3cy8lRTQlQjglQUQlRTQlQkYlQTElRTklODclOTEtJUU3JTk0JTlGJUU2JTg4JTkwJUU1JUJDJThGYWklRTYlQjUlQUElRTYlQkQlQUUlRTQlQjglOEQlRTUlOEYlQUYlRTklODAlODYtJUU3JUEyJUJBJUU0JUJGJTlEMyVFNSU4RSU5RiVFNSU4OSU4NyVFOSU4MCU5MCVFNiVBRCVBNSVFNSVCMCU4RSVFNSU4NSVBNS0xMjAyNTY4MjYuaHRtbA?oc=5,2023-07-06 07:00:00,中信金：生成式AI浪潮不可逆 確保3原則逐步導入,Yahoo奇摩股市,https://tw.stock.yahoo.com/news/%E4%B8%AD%E4%BF%A1%E9%87%91-%E7%94%9F%E6%88%90%E5%BC%8Fai%E6%B5%AA%E6%BD%AE%E4%B8%8D%E5%8F%AF%E9%80%86-%E7%A2%BA%E4%BF%9D3%E5%8E%9F%E5%89%87%E9%80%90%E6%AD%A5%E5%B0%8E%E5%85%A5-120256826.html,（中央社記者蘇思云台北2023年07月6日電）生成式人工智慧夯，外界關注金控是否有機會導入。中信金 (2891) 表示，生成式AI是未來會走的方向，雖然法規尚未出爐，但會把技術先備好，內部確保3大原則，確定風險可控後，才可能逐步導入生成式AI技術。中信金今天舉行2023中國信託金融科技創新年會，包括國發會副主委高仙桂、數位部產業署長呂正華、國際金融科技與市場獨立評論家史肯納（ChrisSkinner）等都親自出席，線上線下雙軌進行吸引逾2500人與會。中信金總經理陳佳文致詞時表示，觀察過去幾年營運表現較好的金融業，尤其是銀行，都在數位轉型特別成功，例如美國摩根大通、加拿大皇家銀行、新加坡星展銀行及中國的招商銀行都表現傑出，市場給予評價，反應在股價淨值比比同業高很多，結合科技給予客戶最好的體驗，永遠是金融業顯學。至於中信是否導入生成式AI技術，陳佳文會後受訪表示，中信在AI跟數據團隊有100人左右，生成式AI浪潮是無可避免議題，必須去了解，雖有風險但也必須克服。現階段台灣相關法規尚未出爐，不過技術上必須先準備好。中信金科技長賈景光表示，過去持續進行許多科技研發技術，包括藉由機器人流程自動化（RPA）優化工作流程。例如，疫情期間的紓困貸款，智能徵審加上RPA串接，2個多月可以完成過去2年多才做完的放款量。賈景光表示，多數銀行擔心員工誤傳機敏資料，基本上都禁止個人工作電腦使用ChatGPT這類生成式AI，科技團隊則會在特別監管環境下使用，例如，透過上傳假資料，純粹驗證模型的能力。賈景光表示，生成式AI確實就像皇冠上最大顆的寶石，帶來很多機會，但也有許多挑戰待克服，第一，企業使用生成式AI，可能會擔心內部資料被拿去訓練外部模型，不過，現在很多科技公司也有提供企業獨立空間做模型訓練，有望解決第一項挑戰。第二，ChatGPT可能會不定時不小心胡說八道，但如果銀行的客服突然亂回話，可能產生客訴，因此科技如何應用到實際場景，需要風險可控、可監管，若克服挑戰後大家都放心，也許未來應用比例就會拉高。導入生成式AI確實是未來會走的方向，但要風險可控才會導入。中信銀數據暨科技研發處長王俊權受訪表示，中信目前仍在評估導入生成式AI，但生成式AI要實際落地還要符合3原則。第一，跟客戶業務、機敏資料無關的可以先評估是否適合導入；第二，由於可能對客戶還不穩定，因此方向上會先公司內部再到外部；第三，以人機協作為主。
7/17盤中熱門焦點股- 證券 - 工商時報,2891中信金,https://news.google.com/rss/articles/CBMiMmh0dHBzOi8vd3d3LmN0ZWUuY29tLnR3L25ld3MvMjAyMzA3MTc3MDAzNzItNDMwMjk40gEA?oc=5,2023-07-17 07:00:00,7/17盤中熱門焦點股- 證券,工商時報,https://www.ctee.com.tw/news/20230717700372-430298,unknow domain
台壽數位轉型 國際肯定 - 經濟日報,2891中信金,https://news.google.com/rss/articles/CBMiLmh0dHBzOi8vbW9uZXkudWRuLmNvbS9tb25leS9zdG9yeS81NjEzLzczMzAzNjTSATJodHRwczovL21vbmV5LnVkbi5jb20vbW9uZXkvYW1wL3N0b3J5LzU2MTMvNzMzMDM2NA?oc=5,2023-07-27 07:00:00,台壽數位轉型 國際肯定,經濟日報,https://money.udn.com/money/story/5613/7330364,  數位轉型成果揚名國際。中國信託金融控股公司（2891）旗下子公司台灣人壽保險股份有限公司（簡稱「台灣人壽」）以「無接觸安全數位保險服務」，榮獲2023「亞洲信譽壽險業顧問獎」（Asia Trusted Life Agents & Advisers Awards 2023）年度數位轉型大獎（Digital Transformation of the Year），是有史以來台灣首家獲得此國際大獎榮耀的保險公司。   「亞洲信譽壽險業顧問獎」由亞太地區最具權威的金融保險雜誌《亞洲保險評論》（Asia Insurance Review）與亞洲顧問網路（Asia Advisers Network）共同舉辦，獎勵傑出表現保險企業與從業人員，為亞洲保險業最具指標性獎項，台灣人壽首次入圍贏得2023年度數位轉型大獎榮耀，由中信銀行資深副總經理暨新加坡分行行長許維銘代表領獎，感謝評審團肯定，未來會持續創新數位營運，提供客戶最優質、無所不在的服務。   台灣人壽致力客戶全方位保險服務，近年深耕數位金融科技，因應後疫情打造「無接觸安全數位保險服務」，首批取得金管會保險局核准，導入無接觸式保險服務，首創業界「親子同框刷臉辨識」，運用生物辨識身分認證機制，未成年子女在父母陪同下，透過手機刷臉與業務人員互動視訊，15分鐘內快速完成投保；首創「理賠AI智能平台」，結合區塊鏈技術，透過共享平台轉送資料，保戶藉由資料授權一家申請理賠、多家同步受理，無紙化理賠服務降低保戶接觸風險、縮短理賠流程與時間，提升服務效率和客戶滿意度，樹立保險數位化全新里程碑。   台灣人壽將投保或理賠等手續，升級全程零接觸數位化服務，打造台灣最強「數位保險員」部隊，整合官網「預見保險顧問專區」，即時線上預約顧問，搭配「數位軌跡資料管理平台」掌握客戶瀏覽網頁的數位軌跡，線上客戶只要60秒就能預約顧問諮詢保險，提高獲客效益，原有客戶再購率提升達70%，有效帶動業績動能。台灣人壽總經理莊中慶表示，運用數位科技打造優質友善客戶體驗，是台灣人壽數位轉型核心與堅持，未來持續精進「智能化」保險服務。    
業務拜訪管理、差勤薪資計算，一站全面優化！外勤筋斗雲助攻廚具 ... - 今周刊-在今天看見明天,2891中信金,https://news.google.com/rss/articles/CBMiS2h0dHBzOi8vd3d3LmJ1c2luZXNzdG9kYXkuY29tLnR3L2FydGljbGUvY2F0ZWdvcnkvMTgzMDE1L3Bvc3QvMjAyMzA3MjYwMDI2L9IBAA?oc=5,2023-07-31 07:00:00,業務拜訪管理、差勤薪資計算，一站全面優化！外勤筋斗雲助攻廚具 ...,今周刊-在今天看見明天,https://www.businesstoday.com.tw/article/category/183015/post/202307260026/,unknow domain
電競跟醫療床看似天差地遠，大廠偉訓為何能養出一年6億的小金雞、更 ... - 今周刊-在今天看見明天,2891中信金,https://news.google.com/rss/articles/CBMiS2h0dHBzOi8vd3d3LmJ1c2luZXNzdG9kYXkuY29tLnR3L2FydGljbGUvY2F0ZWdvcnkvMTgzMDE1L3Bvc3QvMjAyMzA4MDIwMDIwL9IBAA?oc=5,2023-08-02 07:00:00,電競跟醫療床看似天差地遠，大廠偉訓為何能養出一年6億的小金雞、更 ...,今周刊-在今天看見明天,https://www.businesstoday.com.tw/article/category/183015/post/202308020020/,unknow domain
8/18盤前》兩類IC股驚傳陸殺價搶單 - 工商時報,2891中信金,https://news.google.com/rss/articles/CBMiMmh0dHBzOi8vd3d3LmN0ZWUuY29tLnR3L25ld3MvMjAyMzA4MTg3MDAzNDItNDMwMjk40gEA?oc=5,2023-08-18 07:00:00,8/18盤前》兩類IC股驚傳陸殺價搶單,工商時報,https://www.ctee.com.tw/news/20230818700342-430298,unknow domain
不想工作，每月被動收入多少才安心？他月領股息12萬起跳，存股第14年就達成 - 經濟日報,2891中信金,https://news.google.com/rss/articles/CBMiL2h0dHBzOi8vbW9uZXkudWRuLmNvbS9tb25leS9zdG9yeS8xMjA0MC83NDAzNDQ20gEzaHR0cHM6Ly9tb25leS51ZG4uY29tL21vbmV5L2FtcC9zdG9yeS8xMjA0MC83NDAzNDQ2?oc=5,2023-08-30 07:00:00,不想工作，每月被動收入多少才安心？他月領股息12萬起跳，存股第14年就達成,經濟日報,https://money.udn.com/money/story/12040/7403446,   相信所有投資人應該都聽過股神——華倫‧巴菲特（Warren Buffett）的名號，巴菲特在一九六二年買進波克夏海薩威（Berkshire Hathaway）的股票，持有至今，當時波克夏股價一股在十美元左右，截至二○二三年七月中，波克夏（BRK-A）的股價已經超過一股五十二萬美金，成長超過五萬倍；再講另一個極端的例子，這也是波克夏的重要持股之一可口可樂（Coca Cola），假設有人在一百年前買進可口可樂，並持有至今，可以大賺超過二十四萬倍，這就是長期複利的魔法。 波克夏長期不斷成長，靠的不是低買高賣的「投機生意」，「作價差」並不是波克夏的本業，即使股價長期漲漲跌跌，上下波動，巴菲特也不為所動，巴菲特領導的波克夏是靠經營事業賺錢，做的是「投資生意」，買進並長期持有數家優秀公司，如此才造就巴菲特在二○○八年成為世界首富，二○二三年也是《富比士》全球富豪榜的第五名。  然而就算我們沒有在一百年前買進可口可樂，沒有在六十年前買進波克夏，如果你和筆者一樣，在十八年前買進台灣的股票中華食，持有至今也可賺到十九倍；或者十八年前投資台積電或富邦金，也可以賺十八倍和五倍；如果你在過去十八年每個月都定期定額一萬投資上述三檔股票，如今你將擁有兩千萬元的中華食股票市值、或一千九百萬的台積電股票市值、或六百萬元的富邦金股票市值；這十八年下來，總共可以領到四百五十萬元的中華食股息、或二百七十萬的台積電股息、或一百八十萬元的現金股息，如果你繼續持有上述股票，你將繼續參與公司的成長，繼續領股息一輩子。 筆者只是用上述三檔股票為例，其實不只這三檔股票，如果你長期持有中華電（2412）、中鋼（2002）、中信金（2891）、中保科（9917）、台泥（1101）、台塑（1301）、台灣大（3045）……或其他產業龍頭股或市值型ETF，你也可以得到非常優異的績效，重點是長期有紀律的投資一些好公司。  很多投資人進入股票市場，以為要學會很多高深的操作技巧，投資人學習技術分析、看指標、看量價變化、追蹤籌碼，他們誤以為投資股票要賺錢必須要一直看盤，試圖預測股價漲跌…，但玩股票玩到最後，能夠累積財富或者財富自由的又有幾人呢？  今天要推薦給大家的這本書《投資的絕對原則》正是有「韓國巴菲特」和「股票農夫」之譽的朴永玉所撰寫，他原本是短線投資的基金經理人，但是每天盯盤、頻繁操作讓他身心俱疲，而且績效並不是特別突出，後來他改採用巴菲特的中長期投資原則後，反而更輕鬆，績效更卓越，他領悟到：「投資如同農夫耕種，重複著播種、發芽、收穫的循環」，寫成本書，他幫助了很多投資人獲得財富累積，並且改善生活，這和筆者的投資觀念不謀而合，因此我非常希望大家都能擁有此書。 買進股票就是擁有公司部分股權，這是「價值投資」的基本教義，長期投資股票的意義在於：公司營運過程中給你的現金流回報，這是公司總共會給你多少現金的問題，而不是股票成交量的問題，也不是圖表上技術線圖或指標的問題，重點是這家公司能幫你賺到多少現金流，這是唯一的問題，如果你要買一座農場是這樣，買一棟房子是這樣，買股票也是一樣，就如同台灣全聯超市雖然沒有股票上市，但只要你是全聯股東，這家公司每天都在幫你賺錢。  本書做者朴永玉先生就是以這樣的邏輯教大家如何投資，他給讀者十個投資大原則，我大概分享其重點如後：  首先，投資人要知道你是公司的股東，也是公司的經營者，在你的生活周遭，會發現有一些公司生產的產品或提供的服務得到大多數消費者的青睞，你很容易知道這家公司生意很好，此時就可以買進這家公司股票，如果你同時又是該公司的消費者，會更願意擁有這家公司股票，甚至會和朋友分享該公司的產品或服務，重點就是你要投資自己了解的領域，並且不要試圖預測股價漲跌，更不要隨媒體起舞，一味追逐熱門股，頻繁換股到最後，只是讓政府和券商賺了更多證交稅和手續費而已。  其次是股市就像務農，春耕、夏耘、秋收、冬藏，當你買進台積電時，你就是台積電的股東，你不需要了解先進製程技術，不需要管理公司營運，也不需要煩惱公司的訂單在哪裡，你只要想著長遠的未來，你的財富將會和張忠謀先生一同前進，這樣就可以了。  最後，作者還是希望大家儘早開始投資計畫，他希望每個人或每個家庭至少都能擁有一家夢寐以求的企業，當你投入資金在這些企業，你就為企業注入動力，公司不斷成長茁壯，促進國家社會經濟繁榮，而投資人可以得到股利的回報，如此正向循環，這是非常有意義和引以為傲的事情。  至於有關其他其它選股的方法或邏輯，就要請大家細心品味書中內容了，本書主要都是介紹韓國股票，但不管韓股、美股、或台股，其實投資的原則和方向都是一樣的。  大家可以試算一下，當你有一天不想工作，不想上班的時候，那你每個月需要有多少被動收入？你才會放心呢？筆者在二十年前就曾經想過這個問題，假設我沒有工作收入之後，我一個月至少要有十二萬元的收入才會有安全感，也就是一年要有一百四十四萬元的被動收入，而個目標在我存股第十四年的時候，就達成了。  但是，很多人誤會「被動收入」的意思了，被動收入並不是什麼都不做就會有收入，如果你把它想成一棵樹，假設從一棵幼苗開始，從幼苗長成大樹，也要一段很長的時間，在大樹長成之前，你不會有任何的果實可以摘食，所以你必須慢慢灌溉、不斷施肥，當這棵大樹成年了，將結食纍纍，然後你又將果實的種子埋下土壤中，若干年後，又複製出一顆結食纍纍的大樹。  所以，我非常用力的要將《投資的絕對原則》這本書推薦給大家，只要你願意，「複利」的魔法不會停止成長。最後和大家共勉，當個股市農夫，在股票市場「欲速則不達，慢慢來才比較快」。   推薦序作者／周文偉（華倫）專欄作家、理財講師  推薦序主題／當個股市農夫，在股票市場「欲速則不達，慢慢來才比較快」  本文摘自商業周刊出版的《投資的絕對原則：韓國股神簡單又心安的農夫投資法》    作者：朴永玉박영옥  有「韓國巴菲特」和「股票農夫」之譽的韓國代表性股票投資人。他曾擔任現代投資研究所大信證券、國際投資諮詢基金經理，1997年以37歲的年紀擔任教保證券狎鷗亭支店長。2001年成為全職投資者，以企業家思想和主人精神的「農心投資哲學」為基礎， 因10年以上年化投資報酬率超過50%而廣為人知。 2006年成立Smart Income投資公司，從事諮詢和投資業務。曾在《每日經濟》、《韓國經濟》、《Asia N》等多家媒體上連載文章，傳布投資理念，著有《股市，像個農夫一樣投資吧》、《孩子啊，你是就是公司的主人》、《投資人的視角》、《讓錢發揮作用吧》、《一家公司的承諾》等書，介紹成為幸福投資人的方法。   
開發金旗下凱基銀總經理異動 中信銀前副總許維銘出任 - 經濟日報,2891中信金,https://news.google.com/rss/articles/CBMiLmh0dHBzOi8vbW9uZXkudWRuLmNvbS9tb25leS9zdG9yeS81NjEzLzc0MTg1NDXSATJodHRwczovL21vbmV5LnVkbi5jb20vbW9uZXkvYW1wL3N0b3J5LzU2MTMvNzQxODU0NQ?oc=5,2023-09-05 07:00:00,開發金旗下凱基銀總經理異動 中信銀前副總許維銘出任,經濟日報,https://money.udn.com/money/story/5613/7418545,  開發金控（2883）子公司凱基銀行新任總經理人事底定，將由曾任中信金（2891）旗下中國信託銀行資深副總經理暨金融同業處處長兼新加坡分行行政總裁的許維銘出任，預定10月12日生效，屆時若金管會若尚未審理核准則許維銘將先代理總經理職務。5月下旬凱基銀原任總經理曹慧姝請辭離開前，市場即已傳出開發金積極尋找繼任人選，但因暫未確定因此由凱基銀企金副總經理吳可君暫代總座，但吳暫代屬過渡性質，今天凱基銀董事會即決議由許維銘出任總經理。 開發金控旗下凱基銀行新任總經理許維銘。開發金控／提供   根據開發金資料，許維銘現年55歲，畢業於美國密西根大學，曾任中國信託資深副總經理暨金融同業處處長兼任新加坡分行行政總裁，及花旗(台灣)商業銀行金融同業處與企業金融處負責人，在花旗集團任職將近20年，其金融業經歷相當完整。凱基銀行將藉重其豐富的經驗持續發揮專業管理能力，追求穩健成長，並推動金融服務數位流程改造，優化客戶旅程體驗；同時掌握永續轉型的趨勢持續擴大綠色金融影響力，實踐集團價值願景，並以客戶為中心發揮創業家精神，在團隊協同合作下，致力成為最值得客戶信賴及推薦的銀行。
中信金股臨會通過特別股現金股息 總座陳佳文：壽險體質前段班 - 經濟日報,2891中信金,https://news.google.com/rss/articles/CBMiLmh0dHBzOi8vbW9uZXkudWRuLmNvbS9tb25leS9zdG9yeS81NjEzLzc0MjA2OTDSATJodHRwczovL21vbmV5LnVkbi5jb20vbW9uZXkvYW1wL3N0b3J5LzU2MTMvNzQyMDY5MA?oc=5,2023-09-06 07:00:00,中信金股臨會通過特別股現金股息 總座陳佳文：壽險體質前段班,經濟日報,https://money.udn.com/money/story/5613/7420690,"中信金控（2891）今（6）日舉行股東臨時會，由中信金獨董楊聲勇代理主持。中信金控總經理陳佳文今日接受小股東提問，回應指出台灣人壽今年策略著重一般保障型保單，對於海外拓展布局，陳佳文指出，泰國政策不開放外資設立新的分行與子行，因此中信改以併購形式進入泰國，今年前7月已經賺14億元。   小股東在今日股東臨時會質疑，為什麼要花錢併購泰國LHFG金融集團，又出現虧損？陳佳文回應，採用併購方式，是因為受到泰國政策影響，因緣際會，中信在2017年成功參股泰國LHFG金融集團成為第二大股東，2021年董事會決議增持股權至46.6％，成為最大股東，拿下控制權，過程中經過評估以及程序，並且會計師事務所鑑價。   陳佳文指出，LHFG金融集團2021年全年賺了16億元，虧損主因來自10月、11月壞帳增加，增提倍底提列出現虧損，但全年仍貢獻中信4.3億元，今年前7月賺14億元，年增率72％，泰國是中信海外布局重要一環，獲利對股東有幫助。   陳佳文說，整體而言，許多台商遷移到泰國，長遠看好泰國製造業可望受惠供應鏈移轉發展，是中信重要的海外發展策略。   對於小股東關心子公司台灣人壽資本適足率，陳佳文指出，目前台壽 RBC 已經超過300％，列居前段班，台灣人壽受到市況改變，以及投資型保單對壽險業資金留存幫助不大，今年策略著重一般保障型保單，走穩健發展。   中信金今天股東臨時會通過2022年度特別股盈餘分派調整案，針對乙種特別股3億3333萬股，依每股發行價格60元、股息年率3.75%計算，發放特別股現金股息7.5億元；針對丙種特別股1億6666萬股，依每股發行價格60元、股息年率3.2%計算，發放現金股息3億1,998萬7,200元。"
「老公的尊嚴難道不值2萬元？」賴佩霞：對另一半發火前先想清楚，感情 ... - 今周刊-在今天看見明天,2891中信金,https://news.google.com/rss/articles/CBMiSmh0dHBzOi8vd3d3LmJ1c2luZXNzdG9kYXkuY29tLnR3L2FydGljbGUvY2F0ZWdvcnkvODA0MDkvcG9zdC8yMDE5MDkxMjAwMTcv0gEA?oc=5,2023-09-14 07:00:00,「老公的尊嚴難道不值2萬元？」賴佩霞：對另一半發火前先想清楚，感情 ...,今周刊-在今天看見明天,https://www.businesstoday.com.tw/article/category/80409/post/201909120017/,unknow domain
退休族拿600萬元存金融股，資金可以拆兩半！他存股15年以彰銀為例：定期定額還要逢低加碼 - 經濟日報,2891中信金,https://news.google.com/rss/articles/CBMiL2h0dHBzOi8vbW9uZXkudWRuLmNvbS9tb25leS9zdG9yeS8xMjA0MC83NDU0MDM40gEzaHR0cHM6Ly9tb25leS51ZG4uY29tL21vbmV5L2FtcC9zdG9yeS8xMjA0MC83NDU0MDM4?oc=5,2023-09-26 07:00:00,退休族拿600萬元存金融股，資金可以拆兩半！他存股15年以彰銀為例：定期定額還要逢低加碼,經濟日報,https://money.udn.com/money/story/12040/7454038,"  【我們想讓你知道】金融股是一類老少咸宜的股票，雖然很難透過短線交易賺高額價差，但是可以長期持有領驚人股息。陳重銘公開存金融股 2 大策略，教你養出退休金雞母，打造領息好日子！  退休族存金融股 資金拆兩半  退休族的重點是心情愉快，資金足夠的話存股領息即可，若覺得存股太無聊，想做價差來調劑一下生活，就要先做好資金配置。有時候會收到粉絲的訊息詢問：「老師我有幾百萬，應該要怎樣投資股票？」我都會建議他將資金做配置，而非一次就貿然投入。假設資金有 600 萬元，我們可以這麼做。  獲利穩定的金控 可採 2 策略買進 1.定期定額：可以先拿一半也就是 300 萬元來投資，由於我們無法預測股價的最低點，所以要採用定期定額的方式，來平均買進的成本。那麼定期定額的期間是多長呢？我的建議是 1 年，如果拖太久反而會造成資金的閒置，降低投資報酬率。將 300 萬元分散在 12 個月，每個月就是買進 25 萬元，如果是處於多頭或是不想等太久，也可以分散在半年內買進，每個月就是投入 50 萬元。  定期定額的重點在於紀律，每個月都要確實買進，絕對不能夠因為股價波動就隨意停止，例如看到下跌了就想等便宜一點再買，結果股價反而漲上來，就錯過了好時機。定期定額是採用數學平均的概念，它不會讓你買在最低點，但也不會讓你 All in 在最高點。 2.逢低加碼：另一半的 300 萬元資金，先保留下來作為逢低加碼用，畢竟在長期投資的過程中，一定有機會碰到相對便宜價，此時手中有資金加碼會很有幫助。逢低加碼更要講紀律，一旦碰到大跌就要確實執行，要知道單憑定期定額的方法，只能得到平均的報酬率，只有再加上逢低加碼，才能夠低成本、加大報酬率。  不過要記住，只有獲利穩定的股票，才能夠採用定期定額搭配逢低加碼的投資策略，如果是景氣循環股，或是獲利衰退的公司，不能夠採用這種投資方法，不然可能會越買越便宜，最後進住套房且翻身無望！  以下拿彰銀(2801)來當麻豆說明，為什麼是彰銀？除了是官股金控不會倒閉之外，2020 ∼ 2022 年連 3 年獲利成長，2023 年前 5 月累計稅後盈餘 58.29 億元，相較於前一年同期成長 37.19%，稅後每股盈餘（EPS）為 0.55 元。    既然是要存股，當然要挑選從谷底反彈、獲利成長的股票。彰銀主要業務以銀行的利息淨收益為主，2020 年因為疫情引發降息，利差減少導致彰銀的獲利大衰退，然而2021年股市大多頭，增加財富管理的手續費淨收益；2022 年美國大幅升息，利差擴大讓彰銀 EPS 重回 1 元以上，2023 年美國持續升息，彰銀的獲利也持續成長。圖表 6-3-2 統計 2022 年彰銀每月第一天的收盤價位，假設投資人每個月定期定額買進 1 張，1 年買進 12 張總共耗資 21.28 萬元（1.773 萬元 × 12 張）。    那麼要在何時逢低加碼呢？這筆錢就是要耐心等待，不要輕易出手，2022 年 2 月底俄烏戰爭開打，台灣股市開始往下溜滑梯，雪上加霜的是美國通膨高漲，也開始了升息循環。  戰爭跟通膨都是需要長期抗戰，當股市剛開始反應利空時，投資人只要堅持定期定額買進即可，逢低加碼這支寶劍不要急著出鞘，但要記得隨時留意市場變化。例如 2022 下半年美國通膨急遽升高，聯準會持續暴力升息下猛藥，台灣股市也跟著急跌修正，這時候就到了逢低加碼的時機了！  判斷低接時機 參考週 KD 指標  逢低加碼必須要隨機應變，不能再像定期定額般 1 個月買 1 次，我通常會參考週 KD，圖表 6-3-3 可以看出在 2022 年 7 月跟 10 月、2023 年 3 月時，週 KD 都位於相對低點，這就是逢低加碼的時機。    什麼叫做逢低加碼？就是要買的比以前便宜，由於 2023 年 2、3 月買進時股價在 17.6 元附近，所以我當然會希望加碼在更便宜的價位，也就是 17 元以下。7 月時股價已經跌到 17 元附近，但當時俄烏戰爭跟美國通膨才開始發酵，所以我會選擇先觀望。  9 月時美國通膨加劇，持續強力升息讓全球股市紛紛下挫，10 月時台灣大盤急殺到跌破 1 萬 3 千點，彰銀的股價也跌破 17 元大關，終於等到加碼的時間點了！假設在 10 月每週收盤時買進 1 張，就如圖表 6-3-4 所示。    接著來計算一下「定期定額 + 逢低加碼」的效果: 1.定期定額：2022 年每個月第一天買進 1 張，1 年總共買進 12 張，總花費為 21.28 萬元。 2.除權息：彰銀在 2022 年 8 月 11 日除息 0.5 元跟除權 0.1 元，所以 1 ∼ 7 月買進的 7 張股票可以參加除權息，領到了 7 張 × 500 元 = 3,500 元現金，以及 7 張 × 10 股 = 70 股。 3.逢低加碼：買進 4 張，總花費為 6.6 萬元（1.66 萬＋1.64 萬＋1.645 萬＋1.655 萬）。 4.累積資產：總共買進 16 張，加上配發的 70 股，持有張數為 16.07 張，以及得到 3,500 元現金股利。 5.平均每股成本：買進 16 張總共花費 21.28 萬＋6.6 萬 = 27.88 萬元，領到 3,500 元現金股利後，總成本降為 27.53 萬元，所以每股的平均成本 = 275,300 元 ÷ 16,070 股 = 17.13 元，低於定期定額買進的平均成本 17.73 元，可以看出逢低加碼確實發揮出降低成本的威力。  以上只是拿 1 年的時間，說明定期定額跟逢低加碼的操作方法，重點還是要挑一支大到不會倒、獲利成長且配息穩定的股票。  長期存股往往會經歷很多年，一定要有紀律地定期定額買進，再搭配逢低加碼跟配股配息持續買回，就可以有效地降低持股的成本。成本越低將來領到股利的殖利率就越高，也更有機會賺到股價上漲的價差。  以我持有 10 幾年的中信金(2891)為例，成本應該只剩下個位數字，就算抱著每年領 1 元股利也很划算，所以很多高手到最後股票就抱著不動，因為持有成本很低，放著當萬年金雞母來下金蛋。   本文摘自金尉出版社的《你也可以存100張金融股 : 養出退休金雞母 打造領息好日子》   小資族翻身密技》不敗教主陳重銘靠「金融股」一年領息超過 300 萬，30 年存股經驗集結成這本書，重新認識 3 大類別的金融股，當你搞懂金融股的投資眉角，不只能安心領股息，還能貪心賺價差！   作者：陳重銘  台灣科技大學機械碩士，現職為作家、理財講師、全職投資人。  年輕時當過5年低薪的流浪教師，只能當個「不Buy教主」，努力開源節流，並積極研究股票投資，終於改變了自己的未來。  窮人靠工作，富人靠資產，最大的差別是投資知識。身為教師的他非常明白知識的力量，因此經營免費的部落格和粉絲團，分享投資理財觀念，並將30年投資股市的經驗撰寫成書。  著作：《變身少年巴菲特 培養財富創造力：學校沒教的22堂理財課》、《打造小小巴菲特 贏在起跑點》、《小資致富術：用主題式ETF錢滾錢》、《上班族的ETF賺錢術》、《我用1檔ETF存自己的18%》、《6年存到300張股票》、《教你存自己的300張股票》、《每年多存300張股票》    （內容純屬參考，並非投資建議，投資前請謹慎為上）    "
債券海選、下單防呆、策略複核「它」都會！三大科技創新加持，全台 ... - 今周刊-在今天看見明天,2891中信金,https://news.google.com/rss/articles/CBMiS2h0dHBzOi8vd3d3LmJ1c2luZXNzdG9kYXkuY29tLnR3L2FydGljbGUvY2F0ZWdvcnkvMTgzMDEyL3Bvc3QvMjAyMzA5MjgwMDIwL9IBAA?oc=5,2023-09-28 07:00:00,債券海選、下單防呆、策略複核「它」都會！三大科技創新加持，全台 ...,今周刊-在今天看見明天,https://www.businesstoday.com.tw/article/category/183012/post/202309280020/,unknow domain
聯策13日上市競拍底價為25元 11月2日正式掛牌上市 - 聯合新聞網,2891中信金,https://news.google.com/rss/articles/CBMiQWh0dHBzOi8vdWRuLmNvbS9uZXdzL3N0b3J5LzcyNTIvNzQ5OTY0Nj9mcm9tPXVkbi1jYXRlbGlzdG5ld3NfY2gy0gEraHR0cHM6Ly91ZG4uY29tL25ld3MvYW1wL3N0b3J5LzcyNTIvNzQ5OTY0Ng?oc=5,2023-10-12 07:00:00,聯策13日上市競拍底價為25元 11月2日正式掛牌上市,聯合新聞網,https://udn.com/news/story/7252/7499646?from=udn-catelistnews_ch2,"聯策（6658）為配合初次上市前公開承銷辦理現金增資發行新股2,842張，其中2,024張採競價拍賣，將於10月13日起展開競價拍賣投標，競拍底價為25元，每標單最低為1張，投標數量以1張（仟股）之整倍數為投標單位，以價高者優先得標，每人最高得標張數合計不超過290張（仟股），並於10月19日開標，預計11月2日正式掛牌上市，主辦承銷商為元富證券。   聯策表示，以「AVRIOT」品牌，提供客製化設備，並於自製設備或客戶既有設備進行影像AI及數據AI等軟體架設，使設備資料橫向串聯上傳，並整合為分析/利用之數據，此智慧製造技術為台灣領先，應用領域已漸漸從傳統本業PCB擴展至半導體產業。   聯策於2002年成立初期以設備代理和發展自有技術雙向深耕，並逐漸聚焦於「機器視覺應用」與「高階自動化智慧製造」做為營運發展主軸，目前主要三大產品線包括AI機器視覺設備、濕製程智慧化以及生產智動化產品。   PCB 產業智慧製造難度在於製程眾多，包括鑽孔、曝光、電測、視覺應用、線路檢測、外觀檢測等，完整生產流程需經過上百站設備，智慧製造橫向串聯難度取決於製程多寡及設備異同程度。   據新聞稿，近期包含信驊科技也因聯策之獨特利基，與聯策展開合作。此外，聯策也已切入半導體供應產業鏈，預計第4季交貨，未來也將提供更多半導體前後段設備。   因應訂單持續成長，且考量客戶對於生產環境要求，聯策青埔新廠近期動工，主要鎖定自製設備及高單價產品，目前規劃應用於半導體、載板等領域，目標明年底竣工，2025年首季投產，屆時公司自製設備比重將可進一步提升。   2022年聯策營收16億，毛利率達25%，EPS則達3.97元，今年上半年受景氣衰退影響，客戶雖購置設備之意願下降，但藉此時機進行整廠生產流程改造優化，故上半年，聯策在生產智動化領域也大有斬獲，智動化之營收比重，由去年之20.25%大幅成長至將近30%。"
【金融上雲實例：中國信託金控】以混合雲發展整體戰略，中信金先 ... - iThome Online,2891中信金,https://news.google.com/rss/articles/CBMiJWh0dHBzOi8vd3d3Lml0aG9tZS5jb20udHcvbmV3cy8xNTkzNjLSAQA?oc=5,2023-10-20 07:00:00,【金融上雲實例：中國信託金控】以混合雲發展整體戰略，中信金先 ...,iThome Online,https://www.ithome.com.tw/news/159362,unknow domain
